model,structure,n,seed,cpu_time,wall_time,departures,throughput,L,L_q,W
Tandem1Queue,tandem,1,1,0.65625,0.6542589999735355,8089,0.8089,0.8158854254645572,0.0003260437846944445,1.0086357095618212
Tandem1Queue,tandem,1,2,0.578125,0.5812389000784606,8034,0.8034,0.8039787872337213,9.709609199999999e-05,1.0007204222475994
Tandem1Queue,tandem,1,3,0.53125,0.5284781000809744,7898,0.7898,0.7914476543434448,0.0005305763254999999,1.0020861665528549
Tandem1Queue,tandem,1,4,0.578125,0.5872825999977067,8034,0.8034,0.8066201371741355,0.00048343212855555563,1.0040081368859042
Tandem1Queue,tandem,1,5,0.53125,0.5355371000478044,7987,0.7987,0.8189899440861085,0.00034945785036111113,1.0254037111382353
Tandem1Queue,tandem,1,6,0.5625,0.5786148000042886,7942,0.7942,0.791250487078698,0.0003388529089166666,0.996286183680053
Tandem1Queue,tandem,1,7,0.5,0.544420599937439,8073,0.8073,0.8095026368844178,0.0002667971144444444,1.0027283994604457
Tandem1Queue,tandem,1,8,0.53125,0.5238859000382945,8086,0.8086,0.7989298235980569,0.00023581345183333328,0.9880408404625982
Tandem1Queue,tandem,1,9,0.53125,0.5331111999694258,8066,0.8066,0.7989026018002809,0.00020501993172222219,0.9904569821476332
Tandem1Queue,tandem,1,10,0.515625,0.5070938999997452,7910,0.791,0.7710358615643067,6.43737463888889e-05,0.9747608869333839
Tandem1Queue,tandem,1,11,0.625,0.6384362999815494,8024,0.8024,0.7948719829827794,0.00017500709580555557,0.990618124355408
Tandem1Queue,tandem,1,12,0.65625,0.6575358000118285,7961,0.7961,0.8011865616416688,0.0002836245015555555,1.0063893501339891
Tandem1Queue,tandem,1,13,0.78125,0.7804884000215679,7993,0.7993,0.8073878123364733,0.00023236724044444444,1.0101186192124025
Tandem1Queue,tandem,1,14,0.640625,0.6657800000393763,8032,0.8032,0.8202810842231963,0.00020308130163888886,1.0212662901185212
Tandem1Queue,tandem,1,15,0.625,0.6235402000602335,8092,0.8092,0.8186387786331097,0.0007419021872222222,1.0116643334566358
Tandem1Queue,tandem,1,16,0.609375,0.6031785000814125,7945,0.7945,0.7977474586627776,0.0003005805442777778,1.004087424371023
Tandem1Queue,tandem,1,17,0.609375,0.62319379998371,8018,0.8018,0.8007944122146672,0.00016466621602777775,0.9987458371347808
Tandem1Queue,tandem,1,18,0.484375,0.4755303000565618,8053,0.8053,0.801736546518894,0.0003494542193333333,0.9955749987816889
Tandem1Queue,tandem,1,19,0.5625,0.5742378999711946,8106,0.8106,0.8181476167126385,0.00011058179622222222,1.0093111481774468
Tandem1Queue,tandem,1,20,0.5625,0.5863769999705255,7994,0.7994,0.7938235414606108,0.0004650420649166666,0.9930241949719926
Tandem1Queue,tandem,1,21,0.484375,0.4894693000242114,7833,0.7833,0.7821604775630556,0.0005085633655277778,0.9985452286008626
Tandem1Queue,tandem,1,22,0.515625,0.5360995000228286,8025,0.8025,0.8082331831031135,0.0005690807450555555,1.0071441533995185
Tandem1Queue,tandem,1,23,0.484375,0.4993914000224322,7880,0.788,0.7904752701257511,0.0004585855388055555,1.0031412057433389
Tandem1Queue,tandem,1,24,0.609375,0.6100694000488147,8072,0.8072,0.7849457480764082,0.00027966233461111114,0.9724303122849457
Tandem1Queue,tandem,1,25,0.578125,0.5725375999463722,7950,0.795,0.7999637243950827,0.00015909962002777777,1.0062436784843807
Tandem1Queue,tandem,1,26,0.625,0.6280607000226155,7919,0.7919,0.7874657497875309,0.0006186436523611113,0.9944004922181221
Tandem1Queue,tandem,1,27,0.625,0.634577100048773,7975,0.7975,0.7941518109535588,0.00019328736702777777,0.9958016438289139
Tandem1Queue,tandem,1,28,0.65625,0.6554354000836611,8044,0.8044,0.8231439354895851,0.0004909030275833334,1.0233017596837208
Tandem1Queue,tandem,1,29,0.53125,0.5289167000446469,8067,0.8067,0.8061123366791109,0.00036977206625000004,0.9992715218533667
Tandem1Queue,tandem,1,30,0.53125,0.5342558000702411,8050,0.805,0.8012796913167788,0.00033984523780555554,0.9953784985301599
Tandem2Queue,tandem,2,1,0.828125,0.8403766999254003,8068,0.8068,1.6284060938365195,0.0006193662551388888,2.018351628453792
Tandem2Queue,tandem,2,2,0.84375,0.8455677999882028,7933,0.7933,1.5806223482564588,0.0005776911720277778,1.9924648282572277
Tandem2Queue,tandem,2,3,0.8125,0.8303673999616876,8008,0.8008,1.5944904721429736,0.0006111851514722222,1.9911219682105066
Tandem2Queue,tandem,2,4,0.875,0.8969058999791741,7905,0.7905,1.5814618371528388,0.0002619886072222222,2.00058423422244
Tandem2Queue,tandem,2,5,1.078125,1.0764697999693453,7962,0.7962,1.6106084477274476,0.0003131803308611111,2.022869188303752
Tandem2Queue,tandem,2,6,0.90625,0.9429655000567436,7936,0.7936,1.5956125971969635,0.0005071151100277778,2.010600550903432
Tandem2Queue,tandem,2,7,0.953125,0.9577967999503016,8050,0.805,1.6018904689268048,0.00026486696508333334,1.989926048356279
Tandem2Queue,tandem,2,8,1.046875,1.0383255999768153,7976,0.7976,1.5734244105216082,0.0004620565330833333,1.972698608978947
Tandem2Queue,tandem,2,9,0.9375,0.9648124000523239,8082,0.8082,1.6152779061459976,0.0008348644535555554,1.9986116136426597
Tandem2Queue,tandem,2,10,0.8125,0.827760300016962,7915,0.7915,1.5525334653344371,0.0006667483863333333,1.961507852601942
Tandem2Queue,tandem,2,11,0.828125,0.8248857000144199,8118,0.8118,1.6124903968607864,0.0002607843056944445,1.9863148520088525
Tandem2Queue,tandem,2,12,1.0,0.9940951999742538,7972,0.7972,1.5920537124688314,0.0005605827836666667,1.9970568395243746
Tandem2Queue,tandem,2,13,1.015625,1.0307516999309883,7899,0.7899,1.5908341612976051,0.0005633044053333335,2.01396906101735
Tandem2Queue,tandem,2,14,1.0625,1.0717524000210688,8068,0.8068,1.6324242586383053,0.00038685414161111103,2.023332001286943
Tandem2Queue,tandem,2,15,1.109375,1.102568699978292,7996,0.7996,1.6005264439145255,0.00022160413122222224,2.0016588843353245
Tandem2Queue,tandem,2,16,1.0625,1.0643927999772131,7931,0.7931,1.583923154319842,0.0005421281016111109,1.997129182095375
Tandem2Queue,tandem,2,17,1.0625,1.0782715999521315,8116,0.8116,1.6229782604707998,0.00054232584325,1.99972678717447
Tandem2Queue,tandem,2,18,1.046875,1.0386339999968186,7990,0.799,1.5956003390087736,0.0003990401316111112,1.9969966695979644
Tandem2Queue,tandem,2,19,0.96875,1.0066723000491038,7932,0.7932,1.5687989636016206,0.00012532481147222224,1.977810090269315
Tandem2Queue,tandem,2,20,0.953125,1.0206163000548258,8026,0.8026,1.6145429367232766,0.0002190699291666667,2.0116408381800106
Tandem2Queue,tandem,2,21,1.125,1.1243752000154927,7931,0.7931,1.5824441751915508,0.00014642211480555558,1.9952643742170606
Tandem2Queue,tandem,2,22,1.234375,1.248262400040403,7994,0.7994,1.617101328317416,0.0011169010366944444,2.0228938307698474
Tandem2Queue,tandem,2,23,1.40625,1.433507600100711,7948,0.7948,1.6114800556403315,0.0006876651128333333,2.0275290081030843
Tandem2Queue,tandem,2,24,1.1875,1.2239503000164405,8200,0.82,1.6160010297724732,0.0006825470341944445,1.9707329631371626
Tandem2Queue,tandem,2,25,1.203125,1.2331080000149086,8066,0.8066,1.6269957075879073,0.00018825330838888888,2.017103530359419
Tandem2Queue,tandem,2,26,1.125,1.1225755999330431,8143,0.8143,1.6295799355836973,0.0007761136245000003,2.001203408551759
Tandem2Queue,tandem,2,27,1.171875,1.1773747999686748,7888,0.7888,1.5888194824944184,0.0005811207859444444,2.014223481864121
Tandem2Queue,tandem,2,28,1.375,1.4426840000087395,7952,0.7952,1.5869522030027248,0.00024461498327777776,1.995664239188537
Tandem2Queue,tandem,2,29,1.1875,1.2417738999938592,7948,0.7948,1.5718370117792124,0.0004540730074444444,1.9776509961993112
Tandem2Queue,tandem,2,30,1.09375,1.1225204999791458,8101,0.8101,1.6001595254391197,0.0007599198170555554,1.9752617274893465
Tandem3Queue,tandem,3,1,1.390625,1.4186448999680579,7953,0.7953,2.3940492688028434,0.0009730983724166667,3.0102467858705437
Tandem3Queue,tandem,3,2,1.140625,1.1406731000170112,8019,0.8019,2.396552532766762,0.0006527648775000001,2.9885927581578278
Tandem3Queue,tandem,3,3,1.4375,1.4636108999839053,8008,0.8008,2.409625107067389,0.0008442421961666667,3.0090223614727636
Tandem3Queue,tandem,3,4,1.28125,1.3241930999793112,7940,0.794,2.389996963756135,0.0007356092848888888,3.0100717427659127
Tandem3Queue,tandem,3,5,1.265625,1.267306699999608,7889,0.7889,2.393305715970066,0.002041060047833335,3.03372508045388
Tandem3Queue,tandem,3,6,1.3125,1.316333399969153,8106,0.8106,2.435839919396443,0.0006711697487499999,3.004983863060009
Tandem3Queue,tandem,3,7,1.40625,1.4082546000136063,7898,0.7898,2.344214390662904,0.0009906408035555557,2.9681114087907114
Tandem3Queue,tandem,3,8,1.484375,1.4953624999616295,8026,0.8026,2.376015666295717,0.0005879684808055555,2.9603982884322417
Tandem3Queue,tandem,3,9,1.125,1.1475321999751031,7968,0.7968,2.3717539200272846,0.001046531917722222,2.976598795214966
Tandem3Queue,tandem,3,10,1.171875,1.2070000999374315,8096,0.8096,2.4320461795196344,0.0010939664914444444,3.0040096090904576
Tandem3Queue,tandem,3,11,1.484375,1.4820069000124931,8044,0.8044,2.4008084801981773,0.0008157669493888888,2.9845953259549693
Tandem3Queue,tandem,3,12,1.09375,1.11450650007464,7932,0.7932,2.3686832231250157,0.0012371701420555558,2.986237043778386
Tandem3Queue,tandem,3,13,1.15625,1.2000668999971822,7984,0.7984,2.4216384162055933,0.0009814579995000002,3.0331142487545004
Tandem3Queue,tandem,3,14,1.515625,1.5315029999474064,7991,0.7991,2.3994899365271185,0.0007438560072222223,3.0027405037255894
Tandem3Queue,tandem,3,15,1.515625,1.5050556999631226,8064,0.8064,2.42880030181174,0.0010843563593888885,3.0119051361752724
Tandem3Queue,tandem,3,16,1.375,1.4009340000338852,8081,0.8081,2.4222910238325044,0.0010562071845000001,2.997513951036387
Tandem3Queue,tandem,3,17,1.03125,1.044706300017424,8214,0.8214,2.4795928373876137,0.0006155935731111112,3.0187397582025977
Tandem3Queue,tandem,3,18,1.171875,1.1769397999159992,7853,0.7853,2.337223627232747,0.0009000663192222224,2.976217531176298
Tandem3Queue,tandem,3,19,1.359375,1.3533891000552103,8084,0.8084,2.4069893429398412,0.0005176358834444446,2.9774732099701153
Tandem3Queue,tandem,3,20,1.3125,1.3097430999623612,8056,0.8056,2.416635038746256,0.000799813876333333,2.9997952318101486
Tandem3Queue,tandem,3,21,1.375,1.3753268000436947,7980,0.798,2.4106818384514184,0.00049835210225,3.02090455946293
Tandem3Queue,tandem,3,22,1.453125,1.5026591999921948,8062,0.8062,2.4245434549864955,0.0009876632955,3.0073721843047574
Tandem3Queue,tandem,3,23,1.375,1.3978962999535725,7907,0.7907,2.3854821806508912,0.0008149816464444447,3.0169244728100306
Tandem3Queue,tandem,3,24,1.25,1.2492031999863684,8191,0.8191,2.41676126522363,0.000528640058861111,2.950508198295238
Tandem3Queue,tandem,3,25,1.0625,1.0901550999842584,7895,0.7895,2.37574400669398,0.0005227079285555557,3.0091754359645093
Tandem3Queue,tandem,3,26,1.421875,1.4325151999946684,8053,0.8053,2.398117572208658,0.0005391215924444445,2.9779182568094598
Tandem3Queue,tandem,3,27,1.4375,1.4406914999708533,7974,0.7974,2.4161689245651856,0.001948108280916668,3.030058846959099
Tandem3Queue,tandem,3,28,1.390625,1.4277262999676168,7955,0.7955,2.3839830998984946,0.00043419535725000016,2.996836077810804
Tandem3Queue,tandem,3,29,1.4375,1.4755375999957323,7868,0.7868,2.3542735405262807,0.00045474648925000006,2.992213447542299
Tandem3Queue,tandem,3,30,1.546875,1.5720188999548554,8070,0.807,2.386469065797029,0.0007053224521388889,2.9572107382862813
Tandem5Queue,tandem,5,1,1.875,1.884469199925661,7901,0.7901,3.969555141055333,0.00169146824575,5.024117378882841
Tandem5Queue,tandem,5,2,1.765625,1.8008634999860078,7933,0.7933,3.961094565004867,0.0008761579246111113,4.993186140180092
Tandem5Queue,tandem,5,3,2.03125,2.0297708999132738,7856,0.7856,3.942945443986431,0.001302902400472222,5.019024241326924
Tandem5Queue,tandem,5,4,2.15625,2.163475799956359,7886,0.7886,3.9462741927090588,0.001955767316,5.004151905540272
Tandem5Queue,tandem,5,5,2.3125,2.331329399952665,7857,0.7857,3.940630814672843,0.0008586843665555557,5.0154394993926985
Tandem5Queue,tandem,5,6,2.625,2.6490178999956697,8048,0.8048,4.038144888170342,0.0012496025459166665,5.017575656275276
Tandem5Queue,tandem,5,7,2.671875,2.748830300057307,8212,0.8212,4.107463513362639,0.0009899503086388888,5.001782164348074
Tandem5Queue,tandem,5,8,2.3125,2.326400800026022,7985,0.7985,3.9640287422847496,0.0007383245698888888,4.964344072992798
Tandem5Queue,tandem,5,9,2.84375,2.8656915000174195,8057,0.8057,4.030298795122217,0.0013863359236944443,5.002232586722375
Tandem5Queue,tandem,5,10,2.390625,2.4221387000288814,8009,0.8009,3.9859359969140344,0.0021441673298888894,4.976821072436053
Tandem5Queue,tandem,5,11,2.015625,2.0273378000129014,7961,0.7961,3.966614756952563,0.0009977980724722216,4.982558418480798
Tandem5Queue,tandem,5,12,2.03125,2.0462727999547496,8041,0.8041,4.0132449210769865,0.0009486488562222222,4.990977392211151
Tandem5Queue,tandem,5,13,2.109375,2.0969075999455526,8063,0.8063,4.06827816988459,0.0014268975955833334,5.045613505996019
Tandem5Queue,tandem,5,14,1.59375,1.6320414999499917,8048,0.8048,4.015167462805638,0.0013669833990555557,4.989025177442394
Tandem5Queue,tandem,5,15,2.109375,2.147913399967365,8064,0.8064,4.01551264833006,0.0014844120806111118,4.9795543754093
Tandem5Queue,tandem,5,16,2.078125,2.1045834999531507,7809,0.7809,3.875041749324116,0.001158868084555555,4.9622765390243515
Tandem5Queue,tandem,5,17,2.03125,2.0494920999044552,8160,0.816,4.0809336524525355,0.0012340217411388888,5.001144181927127
Tandem5Queue,tandem,5,18,1.671875,1.6599157999735326,8086,0.8086,4.028881875927465,0.0014039156683055558,4.982540039484869
Tandem5Queue,tandem,5,19,2.328125,2.3685700999340042,8249,0.8249,4.119805426496303,0.0019438685610555552,4.994308918046191
Tandem5Queue,tandem,5,20,2.3125,2.3303684999700636,8000,0.8,4.00371982745482,0.0009453188631666668,5.0046497843185245
Tandem5Queue,tandem,5,21,2.015625,2.0232215999858454,8056,0.8056,4.072739602646953,0.0013446500914166665,5.05553575303743
Tandem5Queue,tandem,5,22,1.953125,1.9579114000080153,8058,0.8058,4.033219677369327,0.0007211725508888894,5.005236631135923
Tandem5Queue,tandem,5,23,2.03125,2.0603430999908596,7942,0.7942,3.9779870647276714,0.0013287732697222219,5.008797613608249
Tandem5Queue,tandem,5,24,1.96875,1.9995984999695793,8170,0.817,4.032517436688149,0.0009933930502500003,4.935761856411443
Tandem5Queue,tandem,5,25,2.34375,2.3372190999798477,8088,0.8088,4.0707711978647065,0.0015074588040555558,5.033099898447956
Tandem5Queue,tandem,5,26,1.96875,2.0029343999922276,7951,0.7951,3.9496015117930465,0.0008206088021388889,4.967427382458869
Tandem5Queue,tandem,5,27,1.859375,1.8714632000774145,7938,0.7938,3.98137918162638,0.0008335824279722221,5.015594837019879
Tandem5Queue,tandem,5,28,1.78125,1.8181672000791878,8043,0.8043,4.010180577373133,0.0011176741501666664,4.985926367491151
Tandem5Queue,tandem,5,29,1.75,1.8112500000279397,7952,0.7952,3.955213192184298,0.0011603748772222224,4.973859648119086
Tandem5Queue,tandem,5,30,2.046875,2.0610898999730125,7953,0.7953,3.9387363789434464,0.002311667343666667,4.952516508164776
Tandem10Queue,tandem,10,1,4.265625,4.331743199960329,7858,0.7858,7.874259563107607,0.0024400909044444445,10.020691732129812
Tandem10Queue,tandem,10,2,4.59375,4.667660700040869,7951,0.7951,7.965532524758014,0.0035516792103333287,10.01827760628602
Tandem10Queue,tandem,10,3,4.53125,4.582335300045088,8089,0.8089,8.031532922707825,0.0025003127079722214,9.928956512186705
Tandem10Queue,tandem,10,4,4.1875,4.239701800048351,7957,0.7957,7.965501098089405,0.002536342264999998,10.010683798026147
Tandem10Queue,tandem,10,5,4.28125,4.351444600033574,7993,0.7993,7.977539067023692,0.004899178282611116,9.980656908574618
Tandem10Queue,tandem,10,6,4.015625,4.035693300073035,7974,0.7974,8.013862837018728,0.0023532010848888894,10.049991017078916
Tandem10Queue,tandem,10,7,3.640625,3.6639002000447363,8114,0.8114,8.094962595904146,0.003144310654138887,9.976537584303852
Tandem10Queue,tandem,10,8,3.96875,4.022658100002445,8004,0.8004,7.972406023756873,0.0025157492150277767,9.96052726606306
Tandem10Queue,tandem,10,9,3.5,3.5343283000402153,8126,0.8126,8.11022461057487,0.0029103875780277784,9.980586525442861
Tandem10Queue,tandem,10,10,3.921875,4.054999099927954,7968,0.7968,7.943307805433827,0.0025799889053611112,9.969010799992253
Tandem10Queue,tandem,10,11,3.328125,3.3267377000302076,8071,0.8071,8.04709147947251,0.0021306660632777787,9.970377251235918
Tandem10Queue,tandem,10,12,3.8125,3.8533382000168785,8106,0.8106,8.09576917565567,0.002264523475472223,9.98737870177112
Tandem10Queue,tandem,10,13,3.75,3.8019353999989107,8072,0.8072,8.038986874030549,0.0020965299314166653,9.959101677441215
Tandem10Queue,tandem,10,14,3.734375,3.869739399990067,7965,0.7965,7.925574719854842,0.0044371395764166615,9.950501845392143
Tandem10Queue,tandem,10,15,4.4375,4.4944108000490814,8002,0.8002,7.983435409599659,0.0031027116833888878,9.976800061984077
Tandem10Queue,tandem,10,16,4.3125,4.3225396000780165,7876,0.7876,7.887426508213559,0.0018782746603611105,10.014508009412848
Tandem10Queue,tandem,10,17,4.375,4.427657400025055,7966,0.7966,7.930164338548207,0.0027570492881944463,9.955014233678392
Tandem10Queue,tandem,10,18,3.875,3.9278652000939474,8072,0.8072,8.060410285403162,0.0024094444921666683,9.985642078051487
Tandem10Queue,tandem,10,19,3.96875,4.007937100017443,8064,0.8064,8.059340577406665,0.0029161980858888894,9.994221946188821
Tandem10Queue,tandem,10,20,4.3125,4.327026000013575,8033,0.8033,8.084874537675157,0.003135022491222221,10.06457679282355
Tandem10Queue,tandem,10,21,3.90625,3.986669100006111,7994,0.7994,8.048063025449599,0.002436213976249999,10.067629503939953
Tandem10Queue,tandem,10,22,4.203125,4.239178900024854,8038,0.8038,8.05437969876825,0.003306149983694445,10.020377828773638
Tandem10Queue,tandem,10,23,4.125,4.177825000020675,7922,0.7922,7.9520604712803555,0.002294506160333334,10.037945558293808
Tandem10Queue,tandem,10,24,4.3125,4.359244900057092,8139,0.8139,8.096294557973055,0.003310068371722222,9.947529866043809
Tandem10Queue,tandem,10,25,4.515625,4.540425400016829,8063,0.8063,8.101883223982277,0.003462523033722223,10.048224263899636
Tandem10Queue,tandem,10,26,4.1875,4.251153100049123,8077,0.8077,8.030484379955029,0.002411297965250001,9.942409780803551
Tandem10Queue,tandem,10,27,4.125,4.144328700029291,7937,0.7937,7.963793492931925,0.00278324471025,10.033757708116323
Tandem10Queue,tandem,10,28,4.265625,4.29206649994012,7956,0.7956,7.914011487004541,0.002600816915444443,9.947224091257594
Tandem10Queue,tandem,10,29,5.40625,5.490972499945201,7995,0.7995,7.991028874418603,0.002507949369055555,9.995032988641155
Tandem10Queue,tandem,10,30,5.3125,5.377718599978834,8235,0.8235,8.214338439574806,0.0038195494115555555,9.974910066271775
Tandem20Queue,tandem,20,1,8.796875,8.884345200029202,7901,0.7901,15.844620112996305,0.006227052017611112,20.053942681934316
Tandem20Queue,tandem,20,2,11.15625,11.385198100004345,8010,0.801,16.003848763402484,0.005285908326249998,19.979836159054287
Tandem20Queue,tandem,20,3,8.125,8.198617000016384,7958,0.7958,15.878315751932131,0.004689973078972219,19.95264608184485
Tandem20Queue,tandem,20,4,8.078125,8.112182599958032,8005,0.8005,16.031743398630915,0.0063791715570000055,20.027162271868725
Tandem20Queue,tandem,20,5,8.109375,8.18488159996923,8068,0.8068,16.14079632958893,0.004888114329444439,20.005944880501897
Tandem20Queue,tandem,20,6,7.921875,8.04748649999965,7992,0.7992,16.02671778228651,0.005050918787194438,20.053450678536674
Tandem20Queue,tandem,20,7,7.953125,8.022032300010324,7877,0.7877,15.739697753432967,0.005929864243611115,19.981843028352124
Tandem20Queue,tandem,20,8,8.15625,8.214788099983707,8137,0.8137,16.227462096309235,0.008116815732833339,19.9428070496611
Tandem20Queue,tandem,20,9,8.1875,8.276660999981686,8144,0.8144,16.276221056141154,0.005192893609722223,19.9855366602912
Tandem20Queue,tandem,20,10,8.359375,8.453085099929012,8052,0.8052,16.085859369767466,0.0065630778942777695,19.97747065296506
Tandem20Queue,tandem,20,11,7.90625,8.064703300013207,7945,0.7945,15.874258057041844,0.004705074224166668,19.980186352475574
Tandem20Queue,tandem,20,12,8.265625,8.307670699898154,7891,0.7891,15.776341266994985,0.005095635626277779,19.99282887719552
Tandem20Queue,tandem,20,13,8.265625,8.317140999948606,7988,0.7988,15.94733579633529,0.005513683410777778,19.96411591929806
Tandem20Queue,tandem,20,14,8.046875,8.168659499962814,8134,0.8134,16.246226818179593,0.004538274092138893,19.9732318885906
Tandem20Queue,tandem,20,15,8.234375,8.358301999978721,8172,0.8172,16.349124091253852,0.005211743818055556,20.006270302562225
Tandem20Queue,tandem,20,16,8.09375,8.178731800056994,7952,0.7952,15.955909798718482,0.006187995117999999,20.06527892192968
Tandem20Queue,tandem,20,17,8.859375,8.939953500055708,8114,0.8114,16.232756271650707,0.007679856784083336,20.005861808788154
Tandem20Queue,tandem,20,18,8.9375,9.124164800043218,7986,0.7986,15.9416158464868,0.0049844608388055515,19.961953226254444
Tandem20Queue,tandem,20,19,7.984375,8.07691479998175,7962,0.7962,15.891847072110508,0.005886236612833335,19.959617020987828
Tandem20Queue,tandem,20,20,7.875,8.04817060008645,7834,0.7834,15.73171302204121,0.003975105144333331,20.08132885121421
Tandem20Queue,tandem,20,21,8.34375,8.441106499987654,8107,0.8107,16.251668614100964,0.007114554660083331,20.046464307513215
Tandem20Queue,tandem,20,22,8.328125,8.478305900003761,7998,0.7998,16.034640500348377,0.004715588987861113,20.048312703611376
Tandem20Queue,tandem,20,23,8.0625,8.216159699950367,8035,0.8035,16.13501733430776,0.007264983150361106,20.080917653152163
Tandem20Queue,tandem,20,24,8.25,8.36950639996212,8205,0.8205,16.373498698479924,0.00625244802488889,19.955513343668404
Tandem20Queue,tandem,20,25,8.265625,8.345624900073744,8084,0.8084,16.18718231348694,0.006780995696777764,20.02372874008775
Tandem20Queue,tandem,20,26,8.0625,8.192343500093557,7917,0.7917,15.76196934586627,0.0053574557714722235,19.90901774139986
Tandem20Queue,tandem,20,27,8.390625,8.502221000031568,7983,0.7983,15.972461155593805,0.006686856547833331,20.00809364348466
Tandem20Queue,tandem,20,28,8.0,8.129875400103629,7773,0.7773,15.465770528869081,0.004119369018972226,19.89678441897476
Tandem20Queue,tandem,20,29,8.34375,8.42338270007167,8008,0.8008,16.003909838515842,0.005702489946416667,19.984902395749053
Tandem20Queue,tandem,20,30,8.53125,8.596583500038832,8162,0.8162,16.32884026843754,0.0073009758111944436,20.005930248024427
ForkJoin1Queue,fork_join,1,1,1.015625,1.03420840005856,8089,0.8089,0.8158854254645572,0.0003260437846944445,1.0086357095618212
ForkJoin1Queue,fork_join,1,2,0.96875,0.9685557000339031,8034,0.8034,0.8039787872337213,9.709609199999999e-05,1.0007204222475994
ForkJoin1Queue,fork_join,1,3,1.171875,1.1931270000059158,7898,0.7898,0.7914476543434448,0.0005305763254999999,1.0020861665528549
ForkJoin1Queue,fork_join,1,4,1.09375,1.112905399990268,8034,0.8034,0.8066201371741355,0.00048343212855555563,1.0040081368859042
ForkJoin1Queue,fork_join,1,5,0.96875,0.9807501999894157,7987,0.7987,0.8189899440861085,0.00034945785036111113,1.0254037111382353
ForkJoin1Queue,fork_join,1,6,1.015625,1.0534911999711767,7942,0.7942,0.791250487078698,0.0003388529089166666,0.996286183680053
ForkJoin1Queue,fork_join,1,7,1.0,1.011765900067985,8073,0.8073,0.8095026368844178,0.0002667971144444444,1.0027283994604457
ForkJoin1Queue,fork_join,1,8,1.015625,1.0322540000779554,8086,0.8086,0.7989298235980569,0.00023581345183333328,0.9880408404625982
ForkJoin1Queue,fork_join,1,9,1.03125,1.0429194000316784,8066,0.8066,0.7989026018002809,0.00020501993172222219,0.9904569821476332
ForkJoin1Queue,fork_join,1,10,1.03125,1.0283747999928892,7910,0.791,0.7710358615643067,6.43737463888889e-05,0.9747608869333839
ForkJoin1Queue,fork_join,1,11,0.984375,1.0051533000078052,8024,0.8024,0.7948719829827794,0.00017500709580555557,0.990618124355408
ForkJoin1Queue,fork_join,1,12,0.984375,0.9840378999942914,7961,0.7961,0.8011865616416688,0.0002836245015555555,1.0063893501339891
ForkJoin1Queue,fork_join,1,13,1.03125,1.061900999979116,7993,0.7993,0.8073878123364733,0.00023236724044444444,1.0101186192124025
ForkJoin1Queue,fork_join,1,14,1.0,0.9981771999737248,8032,0.8032,0.8202810842231963,0.00020308130163888886,1.0212662901185212
ForkJoin1Queue,fork_join,1,15,1.0,1.0112678000004962,8092,0.8092,0.8186387786331097,0.0007419021872222222,1.0116643334566358
ForkJoin1Queue,fork_join,1,16,1.046875,1.110625100089237,7945,0.7945,0.7977474586627776,0.0003005805442777778,1.004087424371023
ForkJoin1Queue,fork_join,1,17,1.015625,1.0396996999625117,8018,0.8018,0.8007944122146672,0.00016466621602777775,0.9987458371347808
ForkJoin1Queue,fork_join,1,18,1.03125,1.0864210999570787,8053,0.8053,0.801736546518894,0.0003494542193333333,0.9955749987816889
ForkJoin1Queue,fork_join,1,19,1.0,1.0092263999395072,8106,0.8106,0.8181476167126385,0.00011058179622222222,1.0093111481774468
ForkJoin1Queue,fork_join,1,20,1.03125,1.0340663000242785,7994,0.7994,0.7938235414606108,0.0004650420649166666,0.9930241949719926
ForkJoin1Queue,fork_join,1,21,0.984375,0.9919710999820381,7833,0.7833,0.7821604775630556,0.0005085633655277778,0.9985452286008626
ForkJoin1Queue,fork_join,1,22,1.0,1.0315029999474064,8025,0.8025,0.8082331831031135,0.0005690807450555555,1.0071441533995185
ForkJoin1Queue,fork_join,1,23,1.03125,1.0296244999626651,7880,0.788,0.7904752701257511,0.0004585855388055555,1.0031412057433389
ForkJoin1Queue,fork_join,1,24,1.046875,1.04072119994089,8072,0.8072,0.7849457480764082,0.00027966233461111114,0.9724303122849457
ForkJoin1Queue,fork_join,1,25,1.0625,1.065662999986671,7950,0.795,0.7999637243950827,0.00015909962002777777,1.0062436784843807
ForkJoin1Queue,fork_join,1,26,0.984375,0.990011699963361,7919,0.7919,0.7874657497875309,0.0006186436523611113,0.9944004922181221
ForkJoin1Queue,fork_join,1,27,1.03125,1.026715699932538,7975,0.7975,0.7941518109535588,0.00019328736702777777,0.9958016438289139
ForkJoin1Queue,fork_join,1,28,1.03125,1.0775303000118583,8044,0.8044,0.8231439354895851,0.0004909030275833334,1.0233017596837208
ForkJoin1Queue,fork_join,1,29,1.015625,1.0292035000165924,8067,0.8067,0.8061123366791109,0.00036977206625000004,0.9992715218533667
ForkJoin1Queue,fork_join,1,30,1.0625,1.0754103999352083,8050,0.805,0.8012796913167788,0.00033984523780555554,0.9953784985301599
ForkJoin2Queue,fork_join,2,1,1.5625,1.614975499920547,7971,0.7971,1.0887156811591676,0.0005472335761944445,1.3658457924465783
ForkJoin2Queue,fork_join,2,2,1.609375,1.627018400002271,7982,0.7982,1.085572613119727,0.00020956310466666665,1.3600258245047945
ForkJoin2Queue,fork_join,2,3,1.59375,1.6104519000509754,8127,0.8127,1.1128349429865267,0.00031399214122222215,1.3693059468272755
ForkJoin2Queue,fork_join,2,4,1.59375,1.6080454000039026,7981,0.7981,1.0899365811322022,0.0013811013656944442,1.3656641788399977
ForkJoin2Queue,fork_join,2,5,1.75,1.7431238000281155,7850,0.785,1.0692631254671365,0.0002561377979444444,1.3621186311683267
ForkJoin2Queue,fork_join,2,6,1.75,1.7644495000131428,7954,0.7954,1.0869573144858609,0.0007338883891111112,1.3665543305077457
ForkJoin2Queue,fork_join,2,7,1.765625,1.7747856000205502,8088,0.8088,1.0912669964950843,0.0005025632725,1.3492420827090559
ForkJoin2Queue,fork_join,2,8,1.71875,1.7116658000741154,7999,0.7999,1.0741347445610259,0.0007016082052499997,1.3428362852369369
ForkJoin2Queue,fork_join,2,9,1.578125,1.5885795999784023,7934,0.7934,1.0683291757531095,0.0005375269485,1.3465202618516632
ForkJoin2Queue,fork_join,2,10,1.578125,1.5929122000234202,8010,0.801,1.07616466729811,0.0008490104006111112,1.3435264260900248
ForkJoin2Queue,fork_join,2,11,1.578125,1.5696673999773338,8072,0.8072,1.088019800988313,0.0012047896964722223,1.3478937078646098
ForkJoin2Queue,fork_join,2,12,1.609375,1.615417999913916,7995,0.7995,1.0870351899569466,0.0002734835011111111,1.3596437647991828
ForkJoin2Queue,fork_join,2,13,1.5625,1.5568597000092268,7939,0.7939,1.0910062973674417,0.0003143856525555555,1.3742364244457006
ForkJoin2Queue,fork_join,2,14,1.59375,1.5953428000211716,7959,0.7959,1.0879627411693873,0.0006256989910833333,1.366959091807246
ForkJoin2Queue,fork_join,2,15,1.609375,1.6247018999420106,8036,0.8036,1.0909766700274535,0.0003861072582222221,1.3576115854000168
ForkJoin2Queue,fork_join,2,16,1.53125,1.5447858000406995,8000,0.8,1.0957494083699921,0.0005988835934444442,1.36968676046249
ForkJoin2Queue,fork_join,2,17,1.59375,1.5930857000639662,7967,0.7967,1.0746147327339133,0.00020071211680555554,1.3488323493584955
ForkJoin2Queue,fork_join,2,18,1.703125,1.697553800069727,8110,0.811,1.1086372917674183,0.0005529753770555555,1.367000359762538
ForkJoin2Queue,fork_join,2,19,1.53125,1.554594699991867,8061,0.8061,1.092723548386058,0.0009372824170277773,1.355568227746009
ForkJoin2Queue,fork_join,2,20,1.59375,1.5952514000236988,8004,0.8004,1.0868163700174476,0.0002820033261111111,1.357841541750934
ForkJoin2Queue,fork_join,2,21,1.65625,1.6762589000863954,7994,0.7994,1.0865936179915208,0.0004894062540833334,1.3592614685908442
ForkJoin2Queue,fork_join,2,22,1.5625,1.5713019999675453,7950,0.795,1.088941826263802,0.000638290845111111,1.369738146243776
ForkJoin2Queue,fork_join,2,23,1.515625,1.5093252999940887,7871,0.7871,1.0808469180345566,0.0004295570027222223,1.373201522086846
ForkJoin2Queue,fork_join,2,24,1.609375,1.620587799930945,8196,0.8196,1.0949585184549964,0.0003034794935277778,1.335966957607365
ForkJoin2Queue,fork_join,2,25,1.625,1.615457299980335,8186,0.8186,1.1211853955470803,0.0006616033893888888,1.3696376686380165
ForkJoin2Queue,fork_join,2,26,1.515625,1.590323799988255,8038,0.8038,1.082913266538914,0.00039211364344444435,1.3472421828053174
ForkJoin2Queue,fork_join,2,27,1.53125,1.576384300016798,7988,0.7988,1.0951490978305787,0.00023337256030555556,1.3709928615805944
ForkJoin2Queue,fork_join,2,28,1.609375,1.619160300004296,7900,0.79,1.0690451158463683,0.0003971506471666667,1.3532216656283143
ForkJoin2Queue,fork_join,2,29,1.59375,1.633043700014241,8114,0.8114,1.1054153540814753,0.0005030413755555554,1.3623556249463584
ForkJoin2Queue,fork_join,2,30,1.671875,1.679095600033179,8108,0.8108,1.0894140774638328,0.0008411732441388891,1.3436286105868682
ForkJoin3Queue,fork_join,3,1,2.140625,2.136090000043623,8035,0.8035,1.26933707798237,0.0007934146173055555,1.5797598979245426
ForkJoin3Queue,fork_join,3,2,2.25,2.2779997000470757,8078,0.8078,1.2688459963580536,0.0008130181877499998,1.5707427535999674
ForkJoin3Queue,fork_join,3,3,2.21875,2.2285692000295967,7969,0.7969,1.2466726074496934,0.0007278003928333333,1.5644028202405489
ForkJoin3Queue,fork_join,3,4,2.171875,2.204483399982564,8054,0.8054,1.2742723551016022,0.0006250778204722222,1.5821608580849296
ForkJoin3Queue,fork_join,3,5,2.140625,2.144989800057374,7999,0.7999,1.2705978826304205,0.0009391843632499997,1.5884459090266538
ForkJoin3Queue,fork_join,3,6,2.203125,2.237241000053473,8033,0.8033,1.2567197601054405,0.0003897756185277778,1.5644463589013327
ForkJoin3Queue,fork_join,3,7,2.203125,2.232772500021383,8200,0.82,1.2751505702703938,0.0013006538378055555,1.555061671061456
ForkJoin3Queue,fork_join,3,8,2.15625,2.184898899984546,8008,0.8008,1.2441743878263931,0.001120681167111111,1.553664320462529
ForkJoin3Queue,fork_join,3,9,2.109375,2.1009470999706537,8114,0.8114,1.2624730483296653,0.001066366253444444,1.5559194581336768
ForkJoin3Queue,fork_join,3,10,2.078125,2.108426899998449,7933,0.7933,1.2423154753268715,0.0007616523832777777,1.5660096751882913
ForkJoin3Queue,fork_join,3,11,2.15625,2.159960300079547,8025,0.8025,1.243641475924083,0.000813910101611111,1.54970900426677
ForkJoin3Queue,fork_join,3,12,2.15625,2.19594990008045,7869,0.7869,1.2284850533579912,0.000531990955027778,1.5611704833625506
ForkJoin3Queue,fork_join,3,13,2.25,2.2835573999909684,7821,0.7821,1.235091123062748,0.0007931613188055558,1.5791984695854084
ForkJoin3Queue,fork_join,3,14,2.21875,2.2463948000222445,8072,0.8072,1.26552349134572,0.0010645685547222218,1.5677942162360259
ForkJoin3Queue,fork_join,3,15,2.265625,2.25417000008747,7954,0.7954,1.2482805125298115,0.0004332993870833334,1.5693745442919431
ForkJoin3Queue,fork_join,3,16,2.125,2.1467022000579163,7976,0.7976,1.2477764137595273,0.00068383726325,1.5644137584748337
ForkJoin3Queue,fork_join,3,17,2.078125,2.0763696000212803,8070,0.807,1.266087296950807,0.0008881354555277778,1.568881408860975
ForkJoin3Queue,fork_join,3,18,2.15625,2.147902400000021,8012,0.8012,1.2532220746225837,0.0006821175777222223,1.5641813212962852
ForkJoin3Queue,fork_join,3,19,2.03125,2.0756850000470877,8026,0.8026,1.2489353899742828,0.000818686777444444,1.5561118738777509
ForkJoin3Queue,fork_join,3,20,2.078125,2.1275865000206977,8128,0.8128,1.279327132631339,0.0009523418116666664,1.5739753108161159
ForkJoin3Queue,fork_join,3,21,2.125,2.1369938999414444,8073,0.8073,1.2813593167971955,0.0004599744046388888,1.5872158018050235
ForkJoin3Queue,fork_join,3,22,2.28125,2.2826625999296084,7991,0.7991,1.2586706225756596,0.0008549101186666665,1.5751102772815162
ForkJoin3Queue,fork_join,3,23,2.265625,2.264433200005442,7867,0.7867,1.239051527636197,0.0011084797710833331,1.5749987639966914
ForkJoin3Queue,fork_join,3,24,2.1875,2.185585900093429,8139,0.8139,1.2521075878830985,0.0008826270006388892,1.5384047031368702
ForkJoin3Queue,fork_join,3,25,2.15625,2.1578505999641493,7967,0.7967,1.2516086417828067,0.0006719330603055555,1.5709911406838293
ForkJoin3Queue,fork_join,3,26,2.046875,2.070036399993114,7929,0.7929,1.2249163650767911,0.0007776484119999999,1.544856053823674
ForkJoin3Queue,fork_join,3,27,2.078125,2.1233204999007285,7928,0.7928,1.2473997963106382,0.001653520895388889,1.5734104393423793
ForkJoin3Queue,fork_join,3,28,2.140625,2.185446299961768,8096,0.8096,1.2660170451622386,0.001153416883194444,1.5637562316727256
ForkJoin3Queue,fork_join,3,29,2.125,2.18218020000495,8125,0.8125,1.2862409536196977,0.0010372675159166665,1.5830657890703972
ForkJoin3Queue,fork_join,3,30,2.1875,2.193772100028582,8019,0.8019,1.2370875967945691,0.0004663244556944443,1.5426955939575624
ForkJoin5Queue,fork_join,5,1,3.328125,3.3318556000012904,7920,0.792,1.4561628537281393,0.0006482727676388891,1.8385894617779535
ForkJoin5Queue,fork_join,5,2,3.234375,3.2629091000417247,7907,0.7907,1.435942874142989,0.000989014678111111,1.8160400583571379
ForkJoin5Queue,fork_join,5,3,3.46875,3.5384769000811502,8096,0.8096,1.4843982277396508,0.0012303777090555558,1.8334958346586596
ForkJoin5Queue,fork_join,5,4,3.1875,3.2457698000362143,7938,0.7938,1.4471402439726673,0.0020071401496944445,1.8230539732585882
ForkJoin5Queue,fork_join,5,5,3.171875,3.2303807000862435,7885,0.7885,1.4364022209937992,0.0026134751681666673,1.8216895637207347
ForkJoin5Queue,fork_join,5,6,3.25,3.2997402000473812,8063,0.8063,1.4657085331589477,0.0017589056941111113,1.8178203313393868
ForkJoin5Queue,fork_join,5,7,3.28125,3.303215100080706,8042,0.8042,1.4618044671234307,0.0008606016808333324,1.8177125927921296
ForkJoin5Queue,fork_join,5,8,4.015625,4.054693799931556,7978,0.7978,1.4424273760226125,0.001857409816638888,1.8080062371805121
ForkJoin5Queue,fork_join,5,9,3.484375,3.5482357000000775,7944,0.7944,1.4416342157298603,0.0015429260934166672,1.8147459916035502
ForkJoin5Queue,fork_join,5,10,3.203125,3.259895300026983,7903,0.7903,1.4329419850860246,0.0009051835434444443,1.8131620714741548
ForkJoin5Queue,fork_join,5,11,3.484375,3.5558491999981925,8235,0.8235,1.5019308842213699,0.002192493393833333,1.8238383536385792
ForkJoin5Queue,fork_join,5,12,3.234375,3.2931922000134364,8002,0.8002,1.4599061490790435,0.0008926952375833334,1.8244265797038783
ForkJoin5Queue,fork_join,5,13,3.171875,3.2581037000054494,8002,0.8002,1.4689191498254124,0.0012697018723888895,1.8356900147780708
ForkJoin5Queue,fork_join,5,14,3.359375,3.380269099958241,7952,0.7952,1.4489189466493793,0.0011688093084722228,1.8220811703337263
ForkJoin5Queue,fork_join,5,15,3.390625,3.434562799986452,8119,0.8119,1.4706131991190377,0.0012529573467499999,1.8113230682584527
ForkJoin5Queue,fork_join,5,16,3.125,3.17064540006686,7998,0.7998,1.4554201483447382,0.0011523076681666663,1.819730117960413
ForkJoin5Queue,fork_join,5,17,3.203125,3.2523344999644905,7889,0.7889,1.4362258972517246,0.0014247800027777774,1.8205423973275756
ForkJoin5Queue,fork_join,5,18,3.359375,3.383689600042999,8136,0.8136,1.476761816883865,0.0014320225733611114,1.8150956451374938
ForkJoin5Queue,fork_join,5,19,3.21875,3.2847469999687746,8233,0.8233,1.4860946401527315,0.002134979066777778,1.8050463259476879
ForkJoin5Queue,fork_join,5,20,3.28125,3.2762461999664083,8012,0.8012,1.4598632113059764,0.0019455817031666673,1.82209587032698
ForkJoin5Queue,fork_join,5,21,3.171875,3.1969848999287933,7866,0.7866,1.4383732197581276,0.0005478253764444445,1.8285954993111209
ForkJoin5Queue,fork_join,5,22,3.359375,3.3826337000355124,8062,0.8062,1.4687986259609371,0.001039995772305555,1.821878722352936
ForkJoin5Queue,fork_join,5,23,3.171875,3.205627299961634,7826,0.7826,1.4280839948748656,0.001296939380083334,1.8247942689430945
ForkJoin5Queue,fork_join,5,24,3.4375,3.4461217999923974,8185,0.8185,1.4695697844378333,0.0014436175382500005,1.7954426199607003
ForkJoin5Queue,fork_join,5,25,3.5625,3.5771595999831334,8104,0.8104,1.4782417875538298,0.0011926020437500004,1.8240890764484574
ForkJoin5Queue,fork_join,5,26,3.328125,3.4009365000529215,8027,0.8027,1.4547729265682783,0.00202984505425,1.812349478719669
ForkJoin5Queue,fork_join,5,27,3.5,3.5256047000875697,8003,0.8003,1.4626765549957546,0.0012959804045555557,1.8276603211242715
ForkJoin5Queue,fork_join,5,28,3.4375,3.4842233000090346,8010,0.801,1.4583175549626155,0.0015877064360833336,1.820621167244214
ForkJoin5Queue,fork_join,5,29,3.421875,3.489617299987003,8084,0.8084,1.4703305946513374,0.0011961364770555563,1.8188156786879484
ForkJoin5Queue,fork_join,5,30,3.296875,3.3535569999367,8002,0.8002,1.4454211328061892,0.001837356854388889,1.8063248347990368
ForkJoin10Queue,fork_join,10,1,6.703125,6.735065000015311,8079,0.8079,1.7261729846483558,0.003224836434694445,2.1366171365866515
ForkJoin10Queue,fork_join,10,2,6.8125,6.8775292000500485,7916,0.7916,1.7031913417139586,0.0017529836917777768,2.151580775282919
ForkJoin10Queue,fork_join,10,3,6.578125,6.60964070004411,7981,0.7981,1.6915111051558211,0.004117422877888891,2.1194225099058026
ForkJoin10Queue,fork_join,10,4,6.75,6.75510079995729,7973,0.7973,1.706448504583129,0.0024982801316388876,2.140284089531079
ForkJoin10Queue,fork_join,10,5,6.515625,6.536684500053525,7884,0.7884,1.6918565166795538,0.0026376239576666656,2.145936728411408
ForkJoin10Queue,fork_join,10,6,6.390625,6.4043115000240505,8007,0.8007,1.720122043595706,0.0012757445999166655,2.1482728157808246
ForkJoin10Queue,fork_join,10,7,6.140625,6.3100968999788165,7956,0.7956,1.6923908495970132,0.0018139082781666652,2.127188096527166
ForkJoin10Queue,fork_join,10,8,6.453125,6.513487599906512,7992,0.7992,1.7064747281992765,0.0026205371666666666,2.1352286388879835
ForkJoin10Queue,fork_join,10,9,6.515625,6.562321800040081,8046,0.8046,1.7132685938815884,0.0026797148086388895,2.1293420257041866
ForkJoin10Queue,fork_join,10,10,6.546875,6.636413800064474,7975,0.7975,1.7020254873456866,0.0026346211943611116,2.1342012380510176
ForkJoin10Queue,fork_join,10,11,6.4375,6.499219499994069,8166,0.8166,1.7339055300147819,0.004167720541666667,2.1233229610761475
ForkJoin10Queue,fork_join,10,12,6.265625,6.376537299947813,7937,0.7937,1.6988027434752582,0.0026214899580555557,2.1403587545360443
ForkJoin10Queue,fork_join,10,13,6.609375,6.707357199979015,8004,0.8004,1.6995896952276148,0.0029111108238611114,2.1234254063313527
ForkJoin10Queue,fork_join,10,14,6.5625,6.616791700012982,8033,0.8033,1.708578684405705,0.001911602957194446,2.12694968804395
ForkJoin10Queue,fork_join,10,15,7.28125,7.41102600004524,8079,0.8079,1.722832816864284,0.002105591759916668,2.1324827538857334
ForkJoin10Queue,fork_join,10,16,6.078125,6.151024500024505,7957,0.7957,1.7034411681264303,0.0030172732497499998,2.1408083047963182
ForkJoin10Queue,fork_join,10,17,6.359375,6.513105800026096,8170,0.817,1.743427515637302,0.0031667199920000014,2.133938207634397
ForkJoin10Queue,fork_join,10,18,6.140625,6.1575539000332355,8045,0.8045,1.7169594315780992,0.002187276546055557,2.1341944457154742
ForkJoin10Queue,fork_join,10,19,6.125,6.238680999958888,8096,0.8096,1.7196781588221037,0.003405271992250003,2.1241083977545747
ForkJoin10Queue,fork_join,10,20,6.0625,6.078600200009532,7852,0.7852,1.6962463768512175,0.0018421656838055575,2.1602730219704758
ForkJoin10Queue,fork_join,10,21,6.328125,6.434124800027348,8039,0.8039,1.721575015124569,0.003292614991250001,2.141528815928062
ForkJoin10Queue,fork_join,10,22,6.03125,6.136249499977566,7992,0.7992,1.7151323468334565,0.002121138790833335,2.1460614950368573
ForkJoin10Queue,fork_join,10,23,5.953125,6.029028499964625,7847,0.7847,1.690069488048509,0.002813585744555555,2.153777861664979
ForkJoin10Queue,fork_join,10,24,6.359375,6.436162099940702,8018,0.8018,1.7056995342512318,0.0013906859437222234,2.127337907522115
ForkJoin10Queue,fork_join,10,25,6.359375,6.422224699985236,8003,0.8003,1.7233384399983824,0.0026219011331388904,2.1533655379212577
ForkJoin10Queue,fork_join,10,26,6.0,6.052948199911043,7863,0.7863,1.6712755023485537,0.002072232756916669,2.1254934533238634
ForkJoin10Queue,fork_join,10,27,6.0625,6.12615220004227,7936,0.7936,1.6958517294654674,0.005095342946583333,2.1369099413627364
ForkJoin10Queue,fork_join,10,28,6.359375,6.401613300084136,8153,0.8153,1.7328791162617538,0.0038540413178055496,2.1254496703811525
ForkJoin10Queue,fork_join,10,29,5.96875,6.083252100041136,8039,0.8039,1.7266136523774345,0.0024179241094166655,2.147796557255174
ForkJoin10Queue,fork_join,10,30,6.09375,6.234429700067267,7979,0.7979,1.6970057904034503,0.00240459930975,2.1268401935122827
ForkJoin20Queue,fork_join,20,1,12.546875,12.643433599965647,7898,0.7898,1.9308704793811733,0.00423239944944445,2.444758773589736
ForkJoin20Queue,fork_join,20,2,12.0625,12.15228100004606,8037,0.8037,1.9555527038754186,0.00456131339008333,2.4331873881739687
ForkJoin20Queue,fork_join,20,3,12.59375,12.831868599983864,7940,0.794,1.93005049656814,0.007444573592944437,2.430794076282292
ForkJoin20Queue,fork_join,20,4,11.890625,12.155716100009158,7911,0.7911,1.9241344592661793,0.003740823526944444,2.43222659495156
ForkJoin20Queue,fork_join,20,5,12.0625,12.270729000098072,8079,0.8079,1.9647107641525148,0.008073444007833327,2.4318737023796446
ForkJoin20Queue,fork_join,20,6,11.953125,12.06287170003634,7947,0.7947,1.9423275542610368,0.004837300228166661,2.4441016160325115
ForkJoin20Queue,fork_join,20,7,11.5625,11.710262299980968,7944,0.7944,1.9274563088264727,0.004019030266444443,2.4263045176566878
ForkJoin20Queue,fork_join,20,8,12.3125,12.522370100021362,8128,0.8128,1.9642475027127246,0.009392187613555548,2.416643088967427
ForkJoin20Queue,fork_join,20,9,11.71875,11.797209199983627,8066,0.8066,1.9537436309326084,0.0074505184343333225,2.4221964182154827
ForkJoin20Queue,fork_join,20,10,12.015625,12.137750699999742,7929,0.7929,1.9299476311166448,0.0055214375567499896,2.434036613843668
ForkJoin20Queue,fork_join,20,11,11.578125,11.722621500026435,7996,0.7996,1.9425054758282876,0.0038772329570555676,2.429346518044382
ForkJoin20Queue,fork_join,20,12,11.625,11.77525169996079,7926,0.7926,1.9298926974422563,0.008876396800972212,2.4348885912720872
ForkJoin20Queue,fork_join,20,13,11.921875,12.064307100023143,7960,0.796,1.9311213861766394,0.007709369778222221,2.4260318921817077
ForkJoin20Queue,fork_join,20,14,11.984375,12.064351900015026,8019,0.8019,1.9587863047858114,0.006142161262416667,2.442681512390337
ForkJoin20Queue,fork_join,20,15,12.109375,12.316229999996722,8209,0.8209,1.9808292244996166,0.005482563843249994,2.412996984406891
ForkJoin20Queue,fork_join,20,16,12.109375,12.171274099964648,8065,0.8065,1.9615722221100511,0.005474781527972222,2.4322036231990714
ForkJoin20Queue,fork_join,20,17,12.78125,12.902809699997306,8198,0.8198,1.9807573317459322,0.005846327147249996,2.4161470257940136
ForkJoin20Queue,fork_join,20,18,12.46875,12.526216000085697,8044,0.8044,1.9638421015125178,0.006090180353777785,2.4413750640384357
ForkJoin20Queue,fork_join,20,19,11.9375,12.13894000009168,7979,0.7979,1.9389843260136943,0.004484128748555558,2.430109444809743
ForkJoin20Queue,fork_join,20,20,11.828125,11.976279400056228,7993,0.7993,1.9455105531855348,0.004793398931777784,2.4340179571944636
ForkJoin20Queue,fork_join,20,21,11.765625,11.89802010008134,7966,0.7966,1.9394793406315454,0.005734454277833325,2.4346966364945337
ForkJoin20Queue,fork_join,20,22,12.3125,12.41768040007446,8005,0.8005,1.9513746781598915,0.007220918801861108,2.4376947884570788
ForkJoin20Queue,fork_join,20,23,12.0625,12.208893400034867,7840,0.784,1.9208695488971272,0.007711012587333329,2.4500887103279685
ForkJoin20Queue,fork_join,20,24,11.984375,12.086915299994871,7983,0.7983,1.9417759421447867,0.007657157852555578,2.4323887537827718
ForkJoin20Queue,fork_join,20,25,12.015625,12.217063799966127,8222,0.8222,1.9892629996783435,0.008191509775833323,2.4194393087793036
ForkJoin20Queue,fork_join,20,26,11.953125,12.12521279999055,7984,0.7984,1.9306845714557426,0.003889142644027771,2.4181920985167116
ForkJoin20Queue,fork_join,20,27,11.796875,11.8542164999526,7926,0.7926,1.9250393840896385,0.004505855264777775,2.428765309222355
ForkJoin20Queue,fork_join,20,28,13.109375,13.263875199947506,7981,0.7981,1.933368413475018,0.0073199081698611095,2.4224638685315347
ForkJoin20Queue,fork_join,20,29,12.546875,12.765490200021304,7966,0.7966,1.9332685371555638,0.0045155633420277804,2.4268999964292792
ForkJoin20Queue,fork_join,20,30,13.1875,13.262129199923947,7976,0.7976,1.932406882785205,0.005247850878361117,2.4227769342843595
Feedback1Queue,feedback,1,1,1.359375,1.3658139000181109,7843,0.7843,1.5950347517315637,0.012014290269916668,2.033704898293464
Feedback1Queue,feedback,1,2,1.34375,1.3546021999791265,7870,0.787,1.573131464792205,0.013150375307611123,1.9988963974487992
Feedback1Queue,feedback,1,3,1.359375,1.4065475999377668,7858,0.7858,1.5952379719746246,0.013694186477249992,2.0300814099957045
Feedback1Queue,feedback,1,4,1.484375,1.4832841999595985,7980,0.798,1.6227369137491134,0.0153781047612778,2.0335049044475104
Feedback1Queue,feedback,1,5,1.375,1.3948612998938188,7871,0.7871,1.5904280622661344,0.009702470624583341,2.0206175355941234
Feedback1Queue,feedback,1,6,1.375,1.3880933000473306,8143,0.8143,1.64977060228916,0.012660720771638895,2.025998529152843
Feedback1Queue,feedback,1,7,1.3125,1.3979493000078946,7988,0.7988,1.6156615314556624,0.016775048598777775,2.022610830565426
Feedback1Queue,feedback,1,8,1.359375,1.3803263999288902,7987,0.7987,1.6249171191972018,0.011979341685444456,2.0344523841206987
Feedback1Queue,feedback,1,9,1.328125,1.3788844000082463,7937,0.7937,1.5947085411701154,0.00937212870908333,2.0092081909665054
Feedback1Queue,feedback,1,10,1.390625,1.384722499991767,8051,0.8051,1.6285320178247167,0.013740894384944448,2.022769864395375
Feedback1Queue,feedback,1,11,1.375,1.3904187000589445,7934,0.7934,1.6066971814533544,0.012230914570805551,2.02507837339722
Feedback1Queue,feedback,1,12,1.4375,1.4850673000328243,8140,0.814,1.6679069016397825,0.01669780729333331,2.0490256776901505
Feedback1Queue,feedback,1,13,1.421875,1.455774600035511,7960,0.796,1.6399328887940843,0.01294394751911112,2.0602171969774927
Feedback1Queue,feedback,1,14,1.453125,1.4637818000046536,8011,0.8011,1.6510419477039453,0.012478963608888893,2.06096860280108
Feedback1Queue,feedback,1,15,1.671875,1.6954172999830917,8027,0.8027,1.6229727708809971,0.016326487379527778,2.021892077838541
Feedback1Queue,feedback,1,16,1.390625,1.3878769000293687,7923,0.7923,1.5688310940592756,0.011427721901944448,1.9800973041263101
Feedback1Queue,feedback,1,17,1.34375,1.369448299985379,8037,0.8037,1.5912242346116912,0.01362982737933333,1.9798733788872604
Feedback1Queue,feedback,1,18,1.4375,1.4571324000135064,7975,0.7975,1.6000038805108376,0.011181590777999994,2.0062744583207994
Feedback1Queue,feedback,1,19,1.40625,1.41209080000408,8219,0.8219,1.630813723741676,0.015188081035916687,1.9841996882122839
Feedback1Queue,feedback,1,20,1.390625,1.4041630999417976,8027,0.8027,1.607277747172551,0.011294183976083347,2.002339288865767
Feedback1Queue,feedback,1,21,1.359375,1.375433100038208,7904,0.7904,1.5921596279003558,0.010422744513555564,2.0143719988617863
Feedback1Queue,feedback,1,22,1.421875,1.4437536000041291,7988,0.7988,1.6197972938370073,0.013236328787694446,2.027788299745878
Feedback1Queue,feedback,1,23,1.40625,1.409239999949932,8081,0.8081,1.6594163712266683,0.01500003786299998,2.0534789892670067
Feedback1Queue,feedback,1,24,1.34375,1.3568004999542609,8133,0.8133,1.6220955559770838,0.01599587209302779,1.9944615221653557
Feedback1Queue,feedback,1,25,1.359375,1.3740909999469295,8109,0.8109,1.617261441493963,0.009919005303916668,1.9944030601726022
Feedback1Queue,feedback,1,26,1.359375,1.3776873999740928,8069,0.8069,1.611785789376199,0.01243920457786112,1.997503766732184
Feedback1Queue,feedback,1,27,1.3125,1.356921299942769,8010,0.801,1.6363620852834977,0.014922022219500007,2.0428989828757773
Feedback1Queue,feedback,1,28,1.34375,1.3595010000281036,7941,0.7941,1.5654207164389582,0.009352061136944437,1.971314338797328
Feedback1Queue,feedback,1,29,1.375,1.4397622999968007,8144,0.8144,1.6428690434805557,0.008298707613722223,2.0172753480851617
Feedback1Queue,feedback,1,30,1.359375,1.4005209000315517,8030,0.803,1.6369349158964184,0.014829290846888889,2.0385241791985282
Feedback2Queue,feedback,2,1,2.125,2.193956800037995,7970,0.797,3.227051379426902,0.02886743449941664,4.048997966658597
Feedback2Queue,feedback,2,2,2.015625,2.107845799997449,8072,0.8072,3.2338474391175844,0.023581303945805546,4.006253021701665
Feedback2Queue,feedback,2,3,2.125,2.1523273999337107,8050,0.805,3.289822085386831,0.0314652225493056,4.086735509797306
Feedback2Queue,feedback,2,4,2.1875,2.1841258999193087,7980,0.798,3.242634801209109,0.02264472879261108,4.063452131840989
Feedback2Queue,feedback,2,5,2.15625,2.18822899996303,7982,0.7982,3.2113384856319533,0.021501646033194464,4.023225364109187
Feedback2Queue,feedback,2,6,2.078125,2.1112653999589384,7974,0.7974,3.16600065300617,0.017617008333138912,3.970404631309468
Feedback2Queue,feedback,2,7,2.09375,2.0962973999558017,8187,0.8187,3.2751628278313016,0.026491537146888906,4.000443175560402
Feedback2Queue,feedback,2,8,2.15625,2.1862427999731153,8077,0.8077,3.2742836701183298,0.0317868225549167,4.053836412180673
Feedback2Queue,feedback,2,9,2.15625,2.1467445999151096,7985,0.7985,3.1834160108004363,0.025215558693444454,3.9867451606768145
Feedback2Queue,feedback,2,10,2.140625,2.1690134999807924,8139,0.8139,3.2631305784896654,0.024634360535722242,4.009252461591922
Feedback2Queue,feedback,2,11,2.046875,2.0523334000026807,7987,0.7987,3.2343494817589846,0.025840759342277766,4.0495173178402215
Feedback2Queue,feedback,2,12,2.296875,2.2979087000712752,8124,0.8124,3.266534129505171,0.026586043239555532,4.020844571030491
Feedback2Queue,feedback,2,13,2.078125,2.0889718000544235,8092,0.8092,3.297561360494729,0.03158095810833337,4.075088186473961
Feedback2Queue,feedback,2,14,2.140625,2.2064471000339836,8007,0.8007,3.249578320130969,0.02117790725027776,4.0584217811052445
Feedback2Queue,feedback,2,15,2.078125,2.1347384001128376,7876,0.7876,3.1999684938340054,0.02676089995822225,4.062936127265116
Feedback2Queue,feedback,2,16,2.15625,2.156406500027515,8091,0.8091,3.281132886449903,0.027514809011361097,4.0552872159805995
Feedback2Queue,feedback,2,17,2.03125,2.0514519000425935,8216,0.8216,3.2730011977783637,0.03092074061188888,3.9836918181333543
Feedback2Queue,feedback,2,18,2.078125,2.073759499937296,7978,0.7978,3.2138066965331573,0.017877168637305534,4.028336295479014
Feedback2Queue,feedback,2,19,2.171875,2.187339899945073,8044,0.8044,3.186189240485782,0.019708717442888882,3.960951318356268
Feedback2Queue,feedback,2,20,2.078125,2.1042274999199435,7982,0.7982,3.250361034441291,0.028031788535027767,4.072113548535819
Feedback2Queue,feedback,2,21,2.03125,2.0562027000123635,7939,0.7939,3.2008301840499915,0.021956883281222223,4.031780052966358
Feedback2Queue,feedback,2,22,2.09375,2.1036604000255466,8006,0.8006,3.1919752240076393,0.017805127775250007,3.9869787959126146
Feedback2Queue,feedback,2,23,2.0,2.0614813999272883,7888,0.7888,3.2214419133694325,0.0202986450695,4.083978084900396
Feedback2Queue,feedback,2,24,2.25,2.2688572000479326,8040,0.804,3.246318534582421,0.02945105834633334,4.037709620127389
Feedback2Queue,feedback,2,25,2.03125,2.060524499975145,8006,0.8006,3.236489538544921,0.02305910150997223,4.042579988190009
Feedback2Queue,feedback,2,26,1.96875,1.9610876999795437,7867,0.7867,3.0619355588898602,0.023151549917055595,3.892126044095412
Feedback2Queue,feedback,2,27,2.09375,2.102736199973151,8015,0.8015,3.207198682683779,0.02410349573855554,4.001495549199974
Feedback2Queue,feedback,2,28,2.078125,2.096524100052193,7935,0.7935,3.2328272290081337,0.030947433063888884,4.074136394465197
Feedback2Queue,feedback,2,29,2.125,2.165833199978806,7999,0.7999,3.2233036247127487,0.02469156248947221,4.029633235045316
Feedback2Queue,feedback,2,30,2.0625,2.077293200069107,8022,0.8022,3.198548866185697,0.022351279335833314,3.987221224365117
Feedback3Queue,feedback,3,1,2.984375,3.029866899945773,7923,0.7923,4.851326292506714,0.0360368886016945,6.123092632218496
Feedback3Queue,feedback,3,2,2.9375,2.930695699993521,8020,0.802,4.8091131256314466,0.03067379338872222,5.9964004060242475
Feedback3Queue,feedback,3,3,2.90625,2.904463700018823,7956,0.7956,4.810484391959057,0.03244525655119439,6.046360472547835
Feedback3Queue,feedback,3,4,2.875,2.9273914999794215,7984,0.7984,4.854599947142287,0.04239471060830553,6.080410755438736
Feedback3Queue,feedback,3,5,2.8125,2.8921368999872357,7956,0.7956,4.756321049053955,0.03748765055194444,5.9782818615560025
Feedback3Queue,feedback,3,6,2.890625,2.883960400009528,7994,0.7994,4.816404499760849,0.03512730214416653,6.0250243929958085
Feedback3Queue,feedback,3,7,2.859375,2.900537900044583,8262,0.8262,4.8343685639076694,0.034011951038972275,5.851329658566533
Feedback3Queue,feedback,3,8,2.96875,2.980574000044726,8027,0.8027,4.88860486007356,0.03751337803736115,6.090201644541622
Feedback3Queue,feedback,3,9,3.203125,3.2702249999856576,8021,0.8021,4.841409582501532,0.029543709620305544,6.035917694179693
Feedback3Queue,feedback,3,10,3.296875,3.2996157000306994,8126,0.8126,4.929382467155395,0.03619906296802773,6.066185659802357
Feedback3Queue,feedback,3,11,2.953125,2.986119500012137,8071,0.8071,4.781469278063349,0.03111612084086111,5.924258800722771
Feedback3Queue,feedback,3,12,3.109375,3.146097299992107,8145,0.8145,4.931289217133922,0.04397007085930561,6.054375957193274
Feedback3Queue,feedback,3,13,3.625,3.686115499935113,8066,0.8066,4.856330249132572,0.03760846212327775,6.020741692452979
Feedback3Queue,feedback,3,14,2.953125,2.9731892000418156,7961,0.7961,4.791765719539733,0.030825241204333373,6.019050018263702
Feedback3Queue,feedback,3,15,2.9375,2.9419855000451207,8042,0.8042,4.892160625240432,0.0396931520015278,6.083263647401681
Feedback3Queue,feedback,3,16,2.703125,2.767105899984017,7819,0.7819,4.659614233102653,0.02577025433716663,5.959348040801449
Feedback3Queue,feedback,3,17,3.046875,3.0509453000267968,8028,0.8028,4.917250966645451,0.03658392261852777,6.1251257681184
Feedback3Queue,feedback,3,18,2.90625,2.93293749995064,8100,0.81,4.880649463527754,0.03975489074691667,6.025493164849078
Feedback3Queue,feedback,3,19,2.875,2.9068298999918625,7991,0.7991,4.8398303440532775,0.041161782109583336,6.05660160687433
Feedback3Queue,feedback,3,20,2.890625,2.9675961000612006,7936,0.7936,4.810862756078072,0.04283850943702776,6.062075045461281
Feedback3Queue,feedback,3,21,3.0625,3.073264899896458,7931,0.7931,4.786751256613766,0.036212825526638806,6.0354952170139535
Feedback3Queue,feedback,3,22,2.796875,2.822174899978563,7904,0.7904,4.719135797208923,0.028718040017555534,5.970566545051776
Feedback3Queue,feedback,3,23,2.828125,2.843279599910602,8026,0.8026,4.834983656441595,0.03790783316099995,6.024151079543477
Feedback3Queue,feedback,3,24,2.84375,2.8553954999661073,8047,0.8047,4.823149902014415,0.03797045736494445,5.993724247563583
Feedback3Queue,feedback,3,25,2.671875,2.7111920999595895,7692,0.7692,4.6445556901474,0.03212147833713891,6.03816392374857
Feedback3Queue,feedback,3,26,3.0,3.0212610999587923,7999,0.7999,4.752029131423939,0.03573859408686109,5.94077901165638
Feedback3Queue,feedback,3,27,2.890625,2.9189061999786645,7933,0.7933,4.699924438312023,0.032119263152638834,5.92452343162993
Feedback3Queue,feedback,3,28,2.953125,2.9557553000049666,8002,0.8002,4.811258609379133,0.03679110368444448,6.012570119194118
Feedback3Queue,feedback,3,29,2.859375,2.868847699952312,7958,0.7958,4.764403039246914,0.03555333412277782,5.986935208905396
Feedback3Queue,feedback,3,30,2.9375,2.9762730000074953,8105,0.8105,4.938697116810748,0.04413710389219444,6.093395579038554
Feedback5Queue,feedback,5,1,4.625,4.682794300024398,8029,0.8029,8.039113406776734,0.05927863097647222,10.012596097617056
Feedback5Queue,feedback,5,2,4.546875,4.561621199944057,8014,0.8014,8.068135472952013,0.05993887492316667,10.067551126718259
Feedback5Queue,feedback,5,3,4.359375,4.394857199979015,7906,0.7906,7.940975146222798,0.05900480551305579,10.044238737949403
Feedback5Queue,feedback,5,4,4.53125,4.566236099926755,8007,0.8007,8.092631994542716,0.0565103054498334,10.106946415065213
Feedback5Queue,feedback,5,5,4.34375,4.410770600079559,7862,0.7862,8.07868760928832,0.06463071772058337,10.275613850532078
Feedback5Queue,feedback,5,6,4.421875,4.4942167000845075,8074,0.8074,8.098176889461584,0.06684329206588895,10.029944128637087
Feedback5Queue,feedback,5,7,4.390625,4.425789300003089,8094,0.8094,8.216205977439268,0.06914003864925017,10.150983416653407
Feedback5Queue,feedback,5,8,4.328125,4.426519399974495,8180,0.818,8.217813961096555,0.06556115067294434,10.046227336303858
Feedback5Queue,feedback,5,9,4.390625,4.431401500012726,8152,0.8152,8.112412531655153,0.06030266773733319,9.951438336181493
Feedback5Queue,feedback,5,10,4.625,4.734953099978156,7886,0.7886,7.9667837622227555,0.059713477237666644,10.10243946515693
Feedback5Queue,feedback,5,11,4.75,4.784662600024603,8012,0.8012,8.04737615977373,0.055392364603555413,10.044153968764016
Feedback5Queue,feedback,5,12,4.84375,4.851659899926744,8089,0.8089,8.09571729441633,0.06490516071961114,10.008304233423576
Feedback5Queue,feedback,5,13,4.546875,4.612525400007144,7968,0.7968,8.06894527599262,0.06083650139430555,10.126688348384313
Feedback5Queue,feedback,5,14,4.5,4.5173231000080705,8026,0.8026,8.22485768714037,0.06101598963347226,10.247766866608982
Feedback5Queue,feedback,5,15,4.734375,4.747065200004727,8062,0.8062,8.255356504585059,0.06544350792186118,10.23983689479665
Feedback5Queue,feedback,5,16,4.25,4.268572399974801,7986,0.7986,7.904187153806357,0.06491626470000007,9.897554662918054
Feedback5Queue,feedback,5,17,4.671875,4.6756559999194,7964,0.7964,8.021298419472654,0.06056452329930558,10.071946784872745
Feedback5Queue,feedback,5,18,4.5625,4.5846698000095785,7961,0.7961,7.968056539769877,0.06165942321330549,10.008863886157362
Feedback5Queue,feedback,5,19,4.421875,4.493219000054523,8084,0.8084,8.235384474062627,0.06241615353822215,10.18726431724719
Feedback5Queue,feedback,5,20,4.265625,4.357944200048223,7943,0.7943,7.891706325717247,0.05242130966672236,9.935422794557782
Feedback5Queue,feedback,5,21,4.265625,4.278671099920757,7928,0.7928,7.9641474636354195,0.057198802801222304,10.04559468167939
Feedback5Queue,feedback,5,22,4.28125,4.328564199968241,7861,0.7861,7.930882704647724,0.054062352047083526,10.088897983268952
Feedback5Queue,feedback,5,23,4.40625,4.445556299993768,8008,0.8008,8.036761070204307,0.055889385352666764,10.035915422333051
Feedback5Queue,feedback,5,24,4.40625,4.402854599989951,7887,0.7887,7.94649590633534,0.05292316759438894,10.075435408057995
Feedback5Queue,feedback,5,25,4.203125,4.297802599961869,8092,0.8092,8.16734585128506,0.05559600008741661,10.093111531494142
Feedback5Queue,feedback,5,26,4.203125,4.283231299952604,7988,0.7988,7.923338083522528,0.05749865946663883,9.919051181174922
Feedback5Queue,feedback,5,27,4.390625,4.418239399907179,7998,0.7998,7.984553390823762,0.05274098247794456,9.983187535413556
Feedback5Queue,feedback,5,28,4.75,4.786154099972919,8259,0.8259,8.320204367079668,0.07500381256044432,10.074106268409817
Feedback5Queue,feedback,5,29,4.71875,4.744443399948068,8074,0.8074,8.015846537113726,0.05443683907149996,9.927974408117073
Feedback5Queue,feedback,5,30,4.34375,4.383915400016122,7953,0.7953,7.8255754430404485,0.047185235996972254,9.839777999547904
Feedback10Queue,feedback,10,1,8.5,8.626012700027786,7936,0.7936,15.899309484114331,0.11813480690322217,20.03441215236181
Feedback10Queue,feedback,10,2,7.984375,8.114026300027035,7791,0.7791,15.478428514097171,0.09111076408222245,19.86706265446948
Feedback10Queue,feedback,10,3,8.390625,8.418724299990572,8090,0.809,16.124467479706794,0.11073029399161077,19.931356588018286
Feedback10Queue,feedback,10,4,8.734375,8.76159110001754,8026,0.8026,16.303975186206305,0.1295683986669445,20.31394864964653
Feedback10Queue,feedback,10,5,8.453125,8.51444589998573,8086,0.8086,16.308181556065094,0.13992356362877756,20.16841646804983
Feedback10Queue,feedback,10,6,8.59375,8.678213700070046,8055,0.8055,16.14608242503698,0.12052411521244454,20.044795065222818
Feedback10Queue,feedback,10,7,8.390625,8.531231000088155,8048,0.8048,16.28889127944052,0.1238312272128891,20.239676043042397
Feedback10Queue,feedback,10,8,8.421875,8.499904499971308,8134,0.8134,16.437957195707494,0.12910126588461154,20.208946638440487
Feedback10Queue,feedback,10,9,8.34375,8.449781300034374,7857,0.7857,16.00613724959758,0.10562168166227787,20.371817805266108
Feedback10Queue,feedback,10,10,7.96875,8.127585000009276,7951,0.7951,16.094984165716905,0.11403368686297286,20.242716847839144
Feedback10Queue,feedback,10,11,8.203125,8.293297199998051,8014,0.8014,16.132450397500932,0.11518181358108359,20.130334910782295
Feedback10Queue,feedback,10,12,8.453125,8.573298200033605,7910,0.791,16.18842405369373,0.11500346810322244,20.465769979385247
Feedback10Queue,feedback,10,13,9.171875,9.26409340009559,8118,0.8118,16.528225585883753,0.13913140064649954,20.359972389607975
Feedback10Queue,feedback,10,14,8.34375,8.454978100024164,7962,0.7962,15.927277603828538,0.11969496653508413,20.004116558438252
Feedback10Queue,feedback,10,15,8.625,8.709735400043428,7908,0.7908,15.80969905021601,0.10772775348658296,19.992032182873054
Feedback10Queue,feedback,10,16,8.25,8.426569200004451,7961,0.7961,16.046523171717958,0.12342387220641693,20.156416495060867
Feedback10Queue,feedback,10,17,8.625,8.706235399935395,8150,0.815,16.687614426217564,0.14197970181266648,20.47560052296634
Feedback10Queue,feedback,10,18,8.0625,8.132443699985743,7907,0.7907,15.743214674844966,0.10543075845763862,19.910477646193204
Feedback10Queue,feedback,10,19,8.453125,8.5407798999222,8069,0.8069,16.20852721135726,0.1365551809938331,20.087405144822483
Feedback10Queue,feedback,10,20,8.640625,8.683449100004509,7952,0.7952,15.777879763949532,0.11608460877397277,19.8413980934979
Feedback10Queue,feedback,10,21,8.40625,8.474831799976528,8122,0.8122,16.562023921043718,0.14034677295780557,20.39155863216414
Feedback10Queue,feedback,10,22,8.546875,8.590651299920864,7931,0.7931,16.07245277222437,0.1138850134797227,20.2653546491292
Feedback10Queue,feedback,10,23,8.578125,8.759144700015895,7838,0.7838,15.884089251272837,0.11008758295583275,20.265487689809692
Feedback10Queue,feedback,10,24,8.375,8.52899229992181,8053,0.8053,16.342275705643495,0.13072158718261134,20.29340085141375
Feedback10Queue,feedback,10,25,8.703125,8.769870699965395,7951,0.7951,16.36956101294619,0.13559158944241523,20.58805309136736
Feedback10Queue,feedback,10,26,8.3125,8.449007899966091,8119,0.8119,16.359082554771895,0.11839298098094457,20.149134813119716
Feedback10Queue,feedback,10,27,8.65625,8.785923499963246,8037,0.8037,16.525095816546393,0.151468570553889,20.56127387899265
Feedback10Queue,feedback,10,28,8.84375,8.891120100044645,7945,0.7945,16.066257960218138,0.1172976197540834,20.221847652886265
Feedback10Queue,feedback,10,29,8.359375,8.396147399907932,7946,0.7946,15.955442799950319,0.1189120902113059,20.079842436383487
Feedback10Queue,feedback,10,30,8.359375,8.501099199987948,8016,0.8016,16.072234133537467,0.12146241702536131,20.05019228235712
Feedback20Queue,feedback,20,1,16.6875,16.92516669991892,8116,0.8116,32.72323834499375,0.24154555979877815,40.319416393535924
Feedback20Queue,feedback,20,2,17.421875,17.56965650001075,7945,0.7945,32.2224879105995,0.24625750118133188,40.55693884279358
Feedback20Queue,feedback,20,3,16.046875,16.356462799943984,7825,0.7825,31.29576045935782,0.2075146967728605,39.99458205668731
Feedback20Queue,feedback,20,4,16.40625,16.667602199944668,8080,0.808,32.62602121944414,0.2704798776975829,40.37873913297542
Feedback20Queue,feedback,20,5,16.078125,16.259578799945302,8176,0.8176,32.98437422450109,0.259368076960389,40.34292346440935
Feedback20Queue,feedback,20,6,16.75,16.992974699940532,8001,0.8001,32.28537426258992,0.24879056722964074,40.35167386900377
Feedback20Queue,feedback,20,7,16.34375,16.48193609993905,7876,0.7876,31.427114937079853,0.20961451694014013,39.90238057018773
Feedback20Queue,feedback,20,8,16.375,16.476011599996127,7999,0.7999,31.612435852793446,0.2225068614520575,39.52048487660138
Feedback20Queue,feedback,20,9,17.1875,17.368404300068505,7962,0.7962,32.17914285591958,0.26918356720983105,40.41590411444308
Feedback20Queue,feedback,20,10,17.359375,17.621691500069574,8131,0.8131,32.86426708946986,0.25815773278647297,40.41848123166875
Feedback20Queue,feedback,20,11,16.46875,16.65577900002245,8007,0.8007,32.31611886801262,0.2503854738034727,40.35983373050159
Feedback20Queue,feedback,20,12,16.5,16.62774140003603,8114,0.8114,32.945607528052214,0.25494091876552627,40.60341080607865
Feedback20Queue,feedback,20,13,16.078125,16.219722700072452,7929,0.7929,32.19820802227541,0.24214256071419613,40.608157424991056
Feedback20Queue,feedback,20,14,16.296875,16.495086600072682,8030,0.803,32.49647077591389,0.24967310662408276,40.46883035605715
Feedback20Queue,feedback,20,15,15.625,15.773309800075367,7962,0.7962,32.0134569692439,0.21236889246697102,40.207808300984546
Feedback20Queue,feedback,20,16,17.609375,17.879500500042923,8134,0.8134,33.150716197563135,0.3099939714430281,40.75573665793353
Feedback20Queue,feedback,20,17,16.296875,16.545324300066568,7921,0.7921,32.496190167437305,0.24143698635980398,41.02536317060637
Feedback20Queue,feedback,20,18,16.296875,16.53034719999414,7954,0.7954,32.007666282198066,0.26571178068875023,40.240968421169306
Feedback20Queue,feedback,20,19,16.359375,16.57669909996912,8140,0.814,33.02187263020602,0.2757163216911121,40.56741109361919
Feedback20Queue,feedback,20,20,15.921875,16.13759980001487,8055,0.8055,32.480719083273726,0.2748752840231668,40.32367359810519
Feedback20Queue,feedback,20,21,16.28125,16.523161999997683,8084,0.8084,32.381170729289195,0.23024079138980533,40.05587670619643
Feedback20Queue,feedback,20,22,16.296875,16.555126399965957,8014,0.8014,32.74895897067184,0.270731560495302,40.864685513690844
Feedback20Queue,feedback,20,23,16.265625,16.50390809995588,7949,0.7949,32.371499575550544,0.23408460355691713,40.72398990508308
Feedback20Queue,feedback,20,24,16.734375,16.95662029995583,7846,0.7846,32.264883299378035,0.24767132561272284,41.12271641521544
Feedback20Queue,feedback,20,25,16.765625,16.906517199939117,8098,0.8098,32.85765511953107,0.2804935246813874,40.575024845061826
Feedback20Queue,feedback,20,26,16.359375,16.528349099913612,7957,0.7957,32.04154349663813,0.237733347923164,40.26837186959674
Feedback20Queue,feedback,20,27,17.1875,17.291423300048336,7977,0.7977,31.819328031156846,0.2285227151306116,39.888840455254915
Feedback20Queue,feedback,20,28,16.78125,17.059218700043857,8093,0.8093,32.73964833163805,0.2761195342067219,40.454279416332696
Feedback20Queue,feedback,20,29,16.53125,16.767900399980135,7846,0.7846,31.237827818093145,0.18376476808594353,39.813698468127896
Feedback20Queue,feedback,20,30,16.875,17.179089099983685,8112,0.8112,32.625103858605144,0.26259671525399897,40.21832329709707
